{"cameraMode":{"drawMode":0,"name":"Shaded","section":"Shading Mode"},"sceneLighting":true,"audioPlay":false,"sceneViewState":{"showFog":true,"showMaterialUpdate":false,"showSkybox":true,"showFlares":true,"showImageEffects":true,"showParticleSystems":true},"in2DMode":false,"pivot":{"x":129.89749145507813,"y":-212.6973876953125,"z":35.74859619140625},"rotation":{"x":0.3765932023525238,"y":0.26252904534339907,"z":-0.11214526742696762,"w":0.88133305311203},"size":492.5573425292969,"orthographic":false}